id,first_name,last_name
1,Shelley,Wong
2,Amanda,Cross
3,Jessica,Miller
4,Kenneth,Gutierrez
5,Joseph,Daniels
6,Chris,Williams
7,Elizabeth,Johnson
8,Brittany,Evans
9,Barry,Mercer
10,Haley,Harris
11,Michael,Payne
12,Michele,Fuller
13,Juan,Huynh
14,Matthew,Castillo
15,Kelsey,Miller
16,Ryan,Gomez
17,Robert,Gutierrez
18,Olivia,Zimmerman
19,John,Sherman
20,Michael,Scott
21,Thomas,Williams
22,Aaron,Neal
23,Mr.,Shea
24,Jennifer,Cummings
25,Laura,Lawrence
26,Peter,Dixon
27,Joseph,Martin
28,Katrina,Marks
29,Michael,Davis
30,Justin,Hall
31,Rodney,Willis
32,Emily,Burton
33,George,Johnson
34,Christopher,Mcdowell
35,Taylor,Young
36,Haley,Mata
37,Rachel,Patel
38,Brandon,Mcfarland
39,Brady,Gonzales
40,Martin,Simpson
41,Lauren,Johnson
42,Karen,Stanton
43,Carol,Lee
44,Julie,Zimmerman
45,Tanya,Williams
46,Christopher,Velasquez
47,Scott,Lynch
48,Betty,Roman
49,Michael,Baker
50,Raymond,Barnes
51,Michelle,Sanchez
52,Laura,Lopez
53,Timothy,Marks
54,Erin,Marks
55,Joseph,Foley
56,Andrew,Miles
57,Andres,Rivers
58,Troy,Roberts
59,Kimberly,Parks
60,Carol,Wheeler
61,Benjamin,Long
62,Christina,Riddle
63,Brittany,Armstrong
64,Timothy,Martin
65,Beth,Hodges
66,Raymond,Martin
67,Erica,Benton
68,Steven,Stephens
69,Christopher,Reynolds
70,William,Garcia
71,Michael,Stevens
72,Douglas,Harris
73,Janice,Castillo
74,Jason,Robinson
75,Tara,Warren
76,Bryan,Guerrero
77,Marc,Johnson
78,Nicole,Martinez
79,Bradley,Abbott
80,Gerald,Hughes
81,Keith,Johnson
82,Dustin,Watts
83,Olivia,Charles
84,Michael,II
85,Brenda,Warren
86,Brooke,Williams
87,Aaron,Edwards
88,Martin,Hines
89,Michael,Whitehead
90,Isaiah,Cowan
91,Brenda,Lewis
92,Kristen,Pacheco
93,Jason,Fernandez
94,Catherine,Hill
95,David,Parker
96,Raymond,Waters
97,Crystal,Beck
98,Christina,Cohen
99,Daniel,Mercado
100,Troy,Smith
101,Patricia,Campos
102,Allison,Brown
103,Brandon,Hall
104,Sharon,Patterson
105,Jennifer,Cunningham
106,Erin,Rivera
107,Alex,Jr.
108,James,Jones
109,Devon,Smith
110,Robert,Thomas
111,Aaron,Brown
112,Kevin,Miller
113,Judith,Cooper
114,Angela,Collins
115,Brian,Harris
116,Amy,Reed
117,Joseph,Rodriguez
118,Melinda,Foster
119,Mark,Jones
120,Jacob,Reeves
121,John,Elliott
122,Kayla,Jackson
123,Joshua,Kennedy
124,Sharon,Young
125,Karen,Miller
126,Nicole,Frey
127,Debra,Johnson
128,Stephen,Davis
129,Victor,Edwards
130,Ruben,Orr
131,Mark,Bennett
132,Taylor,Meyer
133,Tamara,Hampton
134,Tony,Lewis
135,Elijah,Reeves
136,Sarah,Adams
137,Ronald,Parker
138,Jessica,Salazar
139,Denise,Cherry
140,Susan,Gibson
141,Louis,Colon
142,Crystal,Fry
143,Marc,Villarreal
144,Sean,Griffin
145,Margaret,Huffman
146,Hector,Knapp
147,John,Dawson
148,Bryan,Smith
149,Heather,Avila
150,Janet,Day
151,Rhonda,Smith
152,Patrick,Khan
153,Tammy,Ford
154,Todd,Blevins
155,Michael,Molina
156,James,Hensley
157,Arthur,Norman
158,Erin,Walsh
159,Ryan,Warren
160,Jared,Stephens
161,Joseph,Bell
162,Cindy,Franklin
163,Bonnie,Hall
164,Andrew,Schmidt
165,Diane,George
166,Amy,Thompson
167,Sara,Hanson
168,Tina,Adams
169,Dorothy,Wilson
170,Terri,Harrison
171,Jordan,Olsen
172,Paul,Young
173,Michael,Valdez
174,Mr.,Martinez
175,Susan,Weiss
176,David,Ferguson
177,Steven,Carpenter
178,Preston,Rice
179,Ryan,Alexander
180,Heather,Howe
181,Tamara,Cobb
182,John,Hernandez
183,Jason,Miller
184,Michael,Harris
185,Alexa,Ingram
186,Brent,Vargas
187,Nancy,Gomez
188,Melissa,Martinez
189,Vincent,Kane
190,Samuel,Bishop
191,Mary,Burton
192,Andrea,Richard
193,Todd,Owens
194,Austin,Bowen
195,David,Thomas
196,Lee,Richardson
197,Ronald,Peterson
198,Megan,Jackson
199,Gary,Sharp
200,Cory,Franco
201,Alexa,Williams
202,Lindsay,Navarro
203,Catherine,Reynolds
204,Danny,Morris
205,Jennifer,Woods
206,Timothy,Thomas
207,Jacqueline,Mclaughlin
208,Tara,Austin
209,Michelle,Duncan
210,Robert,Moore
211,Dr.,DDS
212,Rebecca,Serrano
213,Timothy,Barnes
214,Eddie,Potter
215,Samantha,Wood
216,Linda,MD
217,Kara,Hurley
218,Diane,Knight
219,Logan,Harris
220,Aaron,Keller
221,Courtney,Blake
222,Daniel,Thompson
223,Brad,Hill
224,Sarah,Anthony
225,Molly,Sanders
226,Catherine,Liu
227,Shelby,Aguilar
228,Andrea,Miller
229,Manuel,Ward
230,Laura,Green
231,Kathryn,Long
232,David,King
233,Rebecca,Morgan
234,Seth,Owens
235,Kevin,Owens
236,Dana,Peters
237,Nicole,Reid
238,Michael,James
239,Donna,Jimenez
240,Emily,Smith
241,Christopher,Holmes
242,Paul,Allen
243,Jacqueline,Jenkins
244,Denise,King
245,Mark,Davis
246,John,Morrow
247,Rachael,Vazquez
248,Shawn,Mitchell
249,Kelly,Little
250,Samantha,Ball
251,Michelle,Hart
252,James,Rodriguez
253,Rachel,Pennington
254,Matthew,Johns
255,Elizabeth,Gould
256,Douglas,Jenkins
257,Paul,Johnson
258,Lindsay,Johnson
259,Jessica,Hunter
260,Michael,Sherman
261,Charles,White
262,Robert,Salazar
263,Gary,Willis
264,Lisa,Hill
265,Michelle,Hall
266,Brett,Hawkins
267,Samuel,IV
268,Andre,Riley
269,Matthew,Jones
270,Justin,Davis
271,Mark,Cowan
272,Aaron,Bender
273,Jay,Tate
274,Sharon,Howard
275,Jay,Taylor
276,Elaine,Allen
277,Kimberly,Jordan
278,Victor,Greene
279,Jonathan,Harris
280,Shawn,Poole
281,Benjamin,Le
282,Anthony,Williams
283,Lauren,Jackson
284,Adam,Guerrero
285,Stephanie,Terry
286,Antonio,Allen
287,Cassandra,Gray
288,Jacob,Carter
289,Nicole,Wells
290,Adrienne,Clarke
291,Daryl,Huber
292,Anthony,Potts
293,Erik,Jones
294,Diane,Rowe
295,Andre,Cobb
296,Tabitha,Reese
297,Juan,Smith
298,Cory,Bryant
299,Tyler,Jr.
300,Jared,Walker
301,Mark,Wallace
302,Danny,Smith
303,Nicole,Thomas
304,Susan,Ward
305,Kendra,Sanchez
306,Christine,Simpson
307,Anita,Cherry
308,Jessica,Cooper
309,Dr.,Atkins
310,Erika,MD
311,Jonathan,Montgomery
312,Justin,Gonzales
313,Victoria,Perez
314,Roger,Davis
315,Eduardo,Gray
316,Joshua,Medina
317,Renee,Pierce
318,Curtis,Kennedy
319,Connie,Grant
320,Kathleen,Huang
321,David,Roberson
322,Madison,Martin
323,Veronica,Campos
324,Katie,Erickson
325,Sharon,Frye
326,Erin,Johnson
327,Christine,Miles
328,Jacqueline,Blackburn
329,Thomas,Barker
330,Brittney,Williams
331,Justin,Davidson
332,Rhonda,Lopez
333,Anthony,Baker
334,Maria,Miranda
335,Kristina,Shaw
336,Adam,Garrett
337,Brian,Hardy
338,Jessica,Evans
339,Jeffrey,Blankenship
340,Danny,Lamb
341,Rebecca,Ford
342,Melanie,Hudson
343,Jessica,Lester
344,Jeffrey,Wallace
345,Frederick,Brown
346,Christopher,Hill
347,Nicole,Alvarez
348,John,Gibson
349,Troy,Smith
350,Michael,Davis
351,Tyler,Edwards
352,Wendy,Horton
353,Laura,Velasquez
354,William,Smith
355,Ashley,Clark
356,Kelsey,Cain
357,Shannon,Curtis
358,Laura,Wheeler
359,Richard,Holmes
360,Phillip,Soto
361,Dylan,Hall
362,Stacy,Davidson
363,Jennifer,Barnes
364,Rachel,Todd
365,Francis,MD
366,Ronald,Jenkins
367,Richard,Russell
368,Brittany,Bautista
369,Joseph,Brown
370,Miranda,Austin
371,David,Mills
372,Benjamin,Mckee
373,Chase,Lewis
374,Thomas,Bentley
375,Sara,Spencer
376,Sarah,Edwards
377,Jacqueline,Cook
378,Gregory,Berger
379,Justin,Pace
380,Kevin,DDS
381,Keith,Walsh
382,Virginia,Higgins
383,Bradley,Watkins
384,Sean,Oconnor
385,Dr.,Lynn
386,Bridget,Wu
387,Michelle,Casey
388,Ellen,Sullivan
389,Grace,Smith
390,Randall,Flores
391,Jacob,Lewis
392,Kimberly,Hernandez
393,Marie,Anderson
394,Tamara,Herrera
395,Stacy,Anderson
396,Michael,Liu
397,Bridget,Pacheco
398,Benjamin,Peck
399,William,Valdez
400,Rebecca,Smith
401,Desiree,Gibson
402,Jane,Brown
403,Matthew,Rogers
404,Ricardo,Boyle
405,Andrea,DVM
406,Thomas,Williams
407,Bradley,Martinez
408,James,Abbott
409,Shannon,Carlson
410,John,Herrera
411,Christopher,Mcknight
412,Selena,Schroeder
413,Brianna,Serrano
414,Ashlee,Williams
415,Jeremy,Harris
416,Thomas,Bowen
417,Michael,Washington
418,Austin,West
419,Kristy,Brown
420,Terri,Schwartz
421,Melissa,Choi
422,Jared,Ford
423,Marvin,Sandoval
424,Traci,Malone
425,Jose,Ortiz
426,Corey,Green
427,Michael,Lewis
428,Robin,Jackson
429,Judith,Bentley
430,Kelly,Davis
431,Vernon,Taylor
432,Cynthia,Lewis
433,Todd,Guerra
434,Sharon,Brown
435,Mario,Torres
436,Lauren,Davis
437,James,Russell
438,Austin,Robles
439,Jasmine,Michael
440,Peter,Khan
441,Monica,Patterson
442,Alyssa,Wheeler
443,Thomas,Jackson
444,Paul,Hall
445,Raymond,Lloyd
446,Lance,Ball
447,Robert,Carter
448,Danielle,Meyers
449,Jacob,Goodman
450,Francisco,Thomas
451,Cynthia,DDS
452,Tammy,Ross
453,Scott,Ellis
454,Tristan,Jenkins
455,Joshua,Murphy
456,Beth,Underwood
457,Scott,Ross
458,Dr.,Clark
459,Michael,Cook
460,Cynthia,Martinez
461,Tara,Lozano
462,Christina,Cruz
463,Matthew,Lloyd
464,Jacqueline,Martin
465,Joel,Reynolds
466,Shelby,Smith
467,Joan,Sherman
468,Richard,Pearson
469,Kayla,Stevens
470,Jasmine,Ross
471,Colton,Fernandez
472,Jessica,Casey
473,Randall,Bryant
474,Katherine,Rice
475,Robert,Anderson
476,Derrick,Wise
477,Michelle,Taylor
478,Chase,Jenkins
479,Matthew,Williams
480,Jill,Le
481,Leslie,Lewis
482,Lauren,Price
483,Linda,Perkins
484,Joy,Smith
485,Mr.,Santiago
486,Paul,Whitaker
487,John,Becker
488,Frank,Mcdaniel
489,Carmen,Reyes
490,Jessica,Mccoy
491,Melissa,Hudson
492,Michelle,Ryan
493,Ricky,Young
494,Robin,Greene
495,Timothy,Jackson
496,Patrick,Rose
497,Jessica,Chang
498,Connie,Hale
499,Harry,Shaw
500,Laura,Robles
