id,name,contact_name,contact_phone
1,"Baker, Nichols and Perkins",Natasha Lang,780-265-6255
2,Booth Inc,George Swanson,913-352-9874
3,Mayo LLC,Justin Campbell,268-671-7807
4,"Hernandez, Wade and Snyder",Gabriel Hudson,645-182-3230
5,Thompson LLC,Candice Lucas,626-160-7281
6,Ashley and Sons,Christopher Welch,979-881-8573
7,"Park, Ramirez and Lopez",Troy Robinson,205-336-4281
8,Patrick and Sons,David Holt,293-953-5280
9,"Perkins, Russo and Roberson",Jessica Young,965-632-5455
10,Moran and Sons,Timothy Brooks,826-193-2999
11,"Booth, Meza and Young",Nicolas Flores,215-683-9963
12,Stout Inc,Kristin Burton,931-395-8937
13,"Porter, Thompson and Greer",Christina Baker,240-891-1367
14,Sanders Inc,Victor Daugherty,301-512-1861
15,Chen Ltd,Jane Clark,115-381-7521
16,"Ellis, Webster and Rivas",Crystal Cruz,944-544-6171
17,"James, Strickland and Jackson",Julian Jones,736-979-1999
18,Pierce and Sons,Shane Contreras,617-818-9999
19,Miller-Holden,James Adams,643-461-5629
20,"Miller, Parker and Ryan",Dr. Krystal Cook DDS,540-721-5805
21,Phillips and Sons,Joseph Mcguire,557-810-2066
22,Powell-Ellis,Dr. Heather Fuentes,360-607-5166
23,Johnson and Sons,Douglas Adams,587-367-4372
24,Garcia-Johnson,Jesse Jones,567-506-4913
25,Sandoval Ltd,Scott Mcconnell,655-884-2576
26,Ruiz Ltd,Crystal Dean,482-115-7578
27,"Taylor, Walton and Park",Alicia Powell,933-689-5123
28,Lee Group,Denise Velasquez,890-749-1301
29,"Robinson, Allen and Davis",Shelia Leach,533-766-7118
30,"Osborn, Coffey and Huffman",Thomas Shepherd,688-530-2816
